timestamp,timeframe,signal,buy,sell,neutral,error
2026-01-03T09:50:52.256326,1 Minute,STRONG_BUY,15.0,1.0,10.0,
2026-01-03T09:50:52.256326,5 Minutes,BUY,14.0,3.0,9.0,
2026-01-03T09:50:52.256326,15 Minutes,BUY,15.0,2.0,9.0,
2026-01-03T09:50:52.256326,1 Hour,STRONG_BUY,17.0,0.0,9.0,
2026-01-03T09:50:52.256326,4 Hour,STRONG_BUY,16.0,1.0,9.0,
2026-01-03T09:50:52.256326,1 Day,BUY,11.0,5.0,10.0,
2026-01-03T10:01:39.230486,1 Minute,SELL,6.0,11.0,9.0,
2026-01-03T10:01:39.230486,5 Minutes,BUY,13.0,3.0,10.0,
2026-01-03T10:01:39.230486,15 Minutes,BUY,14.0,3.0,9.0,
2026-01-03T10:01:39.230486,1 Hour,STRONG_BUY,17.0,1.0,8.0,
2026-01-03T10:01:39.230486,4 Hour,STRONG_BUY,16.0,1.0,9.0,
2026-01-03T10:01:39.230486,1 Day,BUY,11.0,5.0,10.0,
2026-01-03T10:03:17.726983,1 Minute,BUY,10.0,9.0,7.0,
2026-01-03T10:03:17.726983,5 Minutes,BUY,14.0,2.0,10.0,
2026-01-03T10:03:17.726983,15 Minutes,BUY,14.0,3.0,9.0,
2026-01-03T10:03:17.726983,1 Hour,STRONG_BUY,17.0,1.0,8.0,
2026-01-03T10:03:17.726983,4 Hour,STRONG_BUY,16.0,1.0,9.0,
2026-01-03T10:03:17.726983,1 Day,BUY,11.0,5.0,10.0,
2026-01-03T10:30:37.464353,1 Minute,SELL,4.0,14.0,8.0,
2026-01-03T10:30:37.464353,5 Minutes,SELL,6.0,12.0,8.0,
2026-01-03T10:30:37.464353,15 Minutes,SELL,7.0,10.0,9.0,
2026-01-03T10:30:37.464353,1 Hour,BUY,15.0,2.0,9.0,
2026-01-03T10:30:37.464353,4 Hour,BUY,15.0,2.0,9.0,
2026-01-03T10:30:37.464353,1 Day,BUY,11.0,5.0,10.0,
2026-01-03T10:38:48.771968,1 Minute,NEUTRAL,8.0,8.0,10.0,
2026-01-03T10:38:48.771968,5 Minutes,NEUTRAL,9.0,12.0,5.0,
2026-01-03T10:38:48.771968,15 Minutes,NEUTRAL,9.0,7.0,10.0,
2026-01-03T10:38:48.771968,1 Hour,BUY,15.0,2.0,9.0,
2026-01-03T10:38:48.771968,4 Hour,BUY,15.0,2.0,9.0,
2026-01-03T10:38:48.771968,1 Day,BUY,11.0,5.0,10.0,
2026-01-03T10:39:38.284310,1 Minute,SELL,5.0,12.0,9.0,
2026-01-03T10:39:38.284310,5 Minutes,NEUTRAL,9.0,12.0,5.0,
2026-01-03T10:39:38.284310,15 Minutes,NEUTRAL,9.0,7.0,10.0,
2026-01-03T10:39:38.284310,1 Hour,BUY,15.0,2.0,9.0,
2026-01-03T10:39:38.284310,4 Hour,BUY,15.0,2.0,9.0,
2026-01-03T10:39:38.284310,1 Day,BUY,11.0,5.0,10.0,
2026-01-03T11:21:39.127673,1 Minute,SELL,4.0,15.0,7.0,
2026-01-03T11:21:39.127673,5 Minutes,SELL,4.0,13.0,9.0,
2026-01-03T11:21:39.127673,15 Minutes,NEUTRAL,8.0,8.0,10.0,
2026-01-03T11:21:39.127673,1 Hour,BUY,12.0,4.0,10.0,
2026-01-03T11:21:39.127673,4 Hour,BUY,14.0,3.0,9.0,
2026-01-03T11:21:39.127673,1 Day,NEUTRAL,10.0,8.0,8.0,
2026-01-03T18:17:44.892557,1 Minute,SELL,2.0,16.0,8.0,
2026-01-03T18:17:44.892557,5 Minutes,STRONG_SELL,1.0,16.0,9.0,
2026-01-03T18:17:44.892557,15 Minutes,SELL,3.0,14.0,9.0,
2026-01-03T18:17:44.892557,1 Hour,NEUTRAL,8.0,8.0,10.0,
2026-01-03T18:17:44.892557,4 Hour,BUY,14.0,4.0,8.0,
2026-01-03T18:17:44.892557,1 Day,NEUTRAL,10.0,8.0,8.0,
2026-01-03T18:21:25.996931,1 Minute,STRONG_SELL,2.0,16.0,8.0,
2026-01-03T18:21:25.996931,5 Minutes,STRONG_SELL,1.0,17.0,8.0,
2026-01-03T18:21:25.996931,15 Minutes,SELL,2.0,15.0,9.0,
2026-01-03T18:21:25.996931,1 Hour,SELL,6.0,10.0,10.0,
2026-01-03T18:21:25.996931,4 Hour,BUY,13.0,5.0,8.0,
2026-01-03T18:21:25.996931,1 Day,NEUTRAL,9.0,9.0,8.0,
2026-01-03T18:38:43.911505,1 Minute,SELL,4.0,12.0,10.0,
2026-01-03T18:38:43.911505,5 Minutes,SELL,5.0,14.0,7.0,
2026-01-03T18:38:43.911505,15 Minutes,SELL,7.0,13.0,6.0,
2026-01-03T18:38:43.911505,1 Hour,SELL,6.0,10.0,10.0,
2026-01-03T18:38:43.911505,4 Hour,BUY,13.0,5.0,8.0,
2026-01-03T18:38:43.911505,1 Day,NEUTRAL,9.0,9.0,8.0,
2026-01-03T22:56:12.665196,1 Minute,STRONG_SELL,0.0,17.0,9.0,
2026-01-03T22:56:12.665196,5 Minutes,SELL,1.0,15.0,10.0,
2026-01-03T22:56:12.665196,15 Minutes,SELL,5.0,12.0,9.0,
2026-01-03T22:56:12.665196,1 Hour,NEUTRAL,8.0,8.0,10.0,
2026-01-03T22:56:12.665196,4 Hour,BUY,14.0,2.0,10.0,
2026-01-03T22:56:12.665196,1 Day,NEUTRAL,10.0,8.0,8.0,
2026-01-03T22:59:13.179697,1 Minute,BUY,14.0,3.0,9.0,
2026-01-03T22:59:13.179697,5 Minutes,SELL,6.0,10.0,10.0,
2026-01-03T22:59:13.179697,15 Minutes,SELL,7.0,10.0,9.0,
2026-01-03T22:59:13.179697,1 Hour,NEUTRAL,8.0,8.0,10.0,
2026-01-03T22:59:13.179697,4 Hour,BUY,14.0,2.0,10.0,
2026-01-03T22:59:13.179697,1 Day,NEUTRAL,10.0,8.0,8.0,
2026-01-03T23:00:32.640270,1 Minute,ERROR,,,,"Can't access TradingView's API. HTTP status code: 429. Check for invalid symbol, exchange, or indicators."
2026-01-03T23:00:32.640270,5 Minutes,ERROR,,,,"Can't access TradingView's API. HTTP status code: 429. Check for invalid symbol, exchange, or indicators."
2026-01-03T23:00:32.640270,15 Minutes,ERROR,,,,"Can't access TradingView's API. HTTP status code: 429. Check for invalid symbol, exchange, or indicators."
2026-01-03T23:00:32.640270,1 Hour,ERROR,,,,"Can't access TradingView's API. HTTP status code: 429. Check for invalid symbol, exchange, or indicators."
2026-01-03T23:00:32.640270,4 Hour,ERROR,,,,"Can't access TradingView's API. HTTP status code: 429. Check for invalid symbol, exchange, or indicators."
2026-01-03T23:00:32.640270,1 Day,ERROR,,,,"Can't access TradingView's API. HTTP status code: 429. Check for invalid symbol, exchange, or indicators."
2026-01-03T23:12:59.103182,1 Minute,SELL,1.0,15.0,10.0,
2026-01-03T23:12:59.103182,5 Minutes,SELL,3.0,15.0,8.0,
2026-01-03T23:12:59.103182,15 Minutes,SELL,3.0,13.0,10.0,
2026-01-03T23:12:59.103182,1 Hour,NEUTRAL,8.0,9.0,9.0,
2026-01-03T23:12:59.103182,4 Hour,BUY,13.0,3.0,10.0,
2026-01-03T23:12:59.103182,1 Day,NEUTRAL,10.0,8.0,8.0,
2026-01-03T23:19:19.562513,1 Minute,SELL,4.0,13.0,9.0,
2026-01-03T23:19:19.562513,5 Minutes,SELL,3.0,14.0,9.0,
2026-01-03T23:19:19.562513,15 Minutes,SELL,5.0,12.0,9.0,
2026-01-03T23:19:19.562513,1 Hour,NEUTRAL,8.0,9.0,9.0,
2026-01-03T23:19:19.562513,4 Hour,BUY,14.0,2.0,10.0,
2026-01-03T23:19:19.562513,1 Day,NEUTRAL,10.0,8.0,8.0,
2026-01-04T08:56:49.297547,1 Minute,NEUTRAL,7.0,10.0,9.0,
2026-01-04T08:56:49.297547,5 Minutes,BUY,13.0,3.0,10.0,
2026-01-04T08:56:49.297547,15 Minutes,BUY,14.0,4.0,8.0,
2026-01-04T08:56:49.297547,1 Hour,BUY,16.0,1.0,9.0,
2026-01-04T08:56:49.297547,4 Hour,STRONG_BUY,17.0,0.0,9.0,
2026-01-04T08:56:49.297547,1 Day,BUY,11.0,6.0,9.0,
2026-01-04T09:01:18.956623,1 Minute,BUY,12.0,5.0,9.0,
2026-01-04T09:01:18.956623,5 Minutes,STRONG_BUY,15.0,1.0,10.0,
2026-01-04T09:01:18.956623,15 Minutes,BUY,14.0,5.0,7.0,
2026-01-04T09:01:18.956623,30 Minutes,BUY,15.0,3.0,8.0,
2026-01-04T09:01:18.956623,1 Hour,BUY,15.0,4.0,7.0,
2026-01-04T09:01:18.956623,2 Hour,BUY,15.0,2.0,9.0,
2026-01-04T09:01:18.956623,4 Hour,STRONG_BUY,17.0,0.0,9.0,
2026-01-04T09:01:18.956623,1 Day,BUY,11.0,6.0,9.0,
2026-01-04T09:01:18.956623,1 Week,SELL,7.0,11.0,8.0,
2026-01-04T09:18:38.921342,1 Minute,BUY,15.0,4.0,7.0,
2026-01-04T09:18:38.921342,5 Minutes,STRONG_BUY,16.0,1.0,9.0,
2026-01-04T09:18:38.921342,15 Minutes,BUY,15.0,2.0,9.0,
2026-01-04T09:18:38.921342,30 Minutes,STRONG_BUY,16.0,3.0,7.0,
2026-01-04T09:18:38.921342,1 Hour,BUY,15.0,3.0,8.0,
2026-01-04T09:18:38.921342,2 Hour,BUY,15.0,2.0,9.0,
2026-01-04T09:18:38.921342,4 Hour,STRONG_BUY,17.0,0.0,9.0,
2026-01-04T09:18:38.921342,1 Day,BUY,11.0,6.0,9.0,
2026-01-04T09:18:38.921342,1 Week,SELL,7.0,11.0,8.0,
2026-01-04T09:19:16.941169,1 Minute,BUY,16.0,2.0,8.0,
2026-01-04T09:19:16.941169,5 Minutes,STRONG_BUY,16.0,1.0,9.0,
2026-01-04T09:19:16.941169,15 Minutes,BUY,15.0,2.0,9.0,
2026-01-04T09:19:16.941169,30 Minutes,STRONG_BUY,17.0,2.0,7.0,
2026-01-04T09:19:16.941169,1 Hour,BUY,15.0,2.0,9.0,
2026-01-04T09:19:16.941169,2 Hour,STRONG_BUY,16.0,0.0,10.0,
2026-01-04T09:19:16.941169,4 Hour,STRONG_BUY,17.0,0.0,9.0,
2026-01-04T09:19:16.941169,1 Day,BUY,11.0,6.0,9.0,
2026-01-04T09:19:16.941169,1 Week,SELL,7.0,11.0,8.0,
2026-01-04T09:30:58.238639,1 Minute,NEUTRAL,9.0,8.0,9.0,
2026-01-04T09:30:58.238639,5 Minutes,BUY,14.0,2.0,10.0,
2026-01-04T09:30:58.238639,15 Minutes,BUY,15.0,5.0,6.0,
2026-01-04T09:30:58.238639,30 Minutes,BUY,14.0,7.0,5.0,
2026-01-04T09:30:58.238639,1 Hour,BUY,15.0,2.0,9.0,
2026-01-04T09:30:58.238639,2 Hour,BUY,15.0,1.0,10.0,
2026-01-04T09:30:58.238639,4 Hour,STRONG_BUY,17.0,0.0,9.0,
2026-01-04T09:30:58.238639,1 Day,BUY,11.0,6.0,9.0,
2026-01-04T09:30:58.238639,1 Week,SELL,7.0,11.0,8.0,
2026-01-04T09:37:50.390300,1 Minute,STRONG_BUY,15.0,1.0,10.0,
2026-01-04T09:37:50.390300,5 Minutes,STRONG_BUY,16.0,0.0,10.0,
2026-01-04T09:37:50.390300,15 Minutes,STRONG_BUY,16.0,1.0,9.0,
2026-01-04T09:37:50.390300,30 Minutes,BUY,15.0,3.0,8.0,
2026-01-04T09:37:50.390300,1 Hour,BUY,15.0,1.0,10.0,
2026-01-04T09:37:50.390300,2 Hour,STRONG_BUY,16.0,0.0,10.0,
2026-01-04T09:37:50.390300,4 Hour,STRONG_BUY,17.0,0.0,9.0,
2026-01-04T09:37:50.390300,1 Day,BUY,11.0,6.0,9.0,
2026-01-04T09:37:50.390300,1 Week,SELL,7.0,11.0,8.0,
2026-01-04T09:47:33.051617,1 Minute,SELL,4.0,12.0,10.0,
2026-01-04T09:47:33.051617,5 Minutes,BUY,12.0,5.0,9.0,
2026-01-04T09:47:33.051617,15 Minutes,BUY,14.0,3.0,9.0,
2026-01-04T09:47:33.051617,30 Minutes,BUY,14.0,5.0,7.0,
2026-01-04T09:47:33.051617,1 Hour,BUY,15.0,4.0,7.0,
2026-01-04T09:47:33.051617,2 Hour,BUY,15.0,2.0,9.0,
2026-01-04T09:47:33.051617,4 Hour,STRONG_BUY,17.0,0.0,9.0,
2026-01-04T09:47:33.051617,1 Day,BUY,11.0,6.0,9.0,
2026-01-04T09:47:33.051617,1 Week,SELL,7.0,11.0,8.0,
2026-01-04T10:01:25.341640,1 Minute,BUY,16.0,2.0,8.0,
2026-01-04T10:01:25.341640,5 Minutes,BUY,15.0,1.0,10.0,
2026-01-04T10:01:25.341640,15 Minutes,STRONG_BUY,16.0,1.0,9.0,
2026-01-04T10:01:25.341640,30 Minutes,BUY,14.0,4.0,8.0,
2026-01-04T10:01:25.341640,1 Hour,BUY,15.0,2.0,9.0,
2026-01-04T10:01:25.341640,2 Hour,STRONG_BUY,16.0,0.0,10.0,
2026-01-04T10:01:25.341640,4 Hour,STRONG_BUY,17.0,0.0,9.0,
2026-01-04T10:01:25.341640,1 Day,BUY,11.0,6.0,9.0,
2026-01-04T10:01:25.341640,1 Week,SELL,7.0,11.0,8.0,
2026-01-04T10:07:16.769458,1 Minute,BUY,13.0,3.0,10.0,
2026-01-04T10:07:16.769458,5 Minutes,BUY,14.0,3.0,9.0,
2026-01-04T10:07:16.769458,15 Minutes,BUY,15.0,2.0,9.0,
2026-01-04T10:07:16.769458,30 Minutes,BUY,14.0,4.0,8.0,
2026-01-04T10:07:16.769458,1 Hour,BUY,15.0,3.0,8.0,
2026-01-04T10:07:16.769458,2 Hour,BUY,15.0,2.0,9.0,
2026-01-04T10:07:16.769458,4 Hour,STRONG_BUY,17.0,0.0,9.0,
2026-01-04T10:07:16.769458,1 Day,BUY,11.0,6.0,9.0,
2026-01-04T10:07:16.769458,1 Week,SELL,7.0,11.0,8.0,
2026-01-04T10:11:28.501152,1 Minute,SELL,5.0,12.0,9.0,
2026-01-04T10:11:28.501152,5 Minutes,NEUTRAL,7.0,9.0,10.0,
2026-01-04T10:11:28.501152,15 Minutes,BUY,12.0,4.0,10.0,
2026-01-04T10:11:28.501152,30 Minutes,BUY,14.0,4.0,8.0,
2026-01-04T10:11:28.501152,1 Hour,BUY,14.0,4.0,8.0,
2026-01-04T10:11:28.501152,2 Hour,BUY,14.0,3.0,9.0,
2026-01-04T10:11:28.501152,4 Hour,STRONG_BUY,17.0,0.0,9.0,
2026-01-04T10:11:28.501152,1 Day,BUY,11.0,6.0,9.0,
2026-01-04T10:11:28.501152,1 Week,SELL,7.0,11.0,8.0,
2026-01-04T10:16:21.845038,1 Minute,BUY,15.0,1.0,10.0,
2026-01-04T10:16:21.845038,5 Minutes,STRONG_BUY,16.0,1.0,9.0,
2026-01-04T10:16:21.845038,15 Minutes,STRONG_BUY,17.0,0.0,9.0,
2026-01-04T10:16:21.845038,30 Minutes,BUY,14.0,4.0,8.0,
2026-01-04T10:16:21.845038,1 Hour,BUY,15.0,2.0,9.0,
2026-01-04T10:16:21.845038,2 Hour,STRONG_BUY,16.0,0.0,10.0,
2026-01-04T10:16:21.845038,4 Hour,STRONG_BUY,17.0,0.0,9.0,
2026-01-04T10:16:21.845038,1 Day,BUY,11.0,6.0,9.0,
2026-01-04T10:16:21.845038,1 Week,SELL,7.0,11.0,8.0,
2026-01-04T10:31:32.049138,1 Minute,BUY,13.0,3.0,10.0,
2026-01-04T10:31:32.049138,5 Minutes,STRONG_BUY,16.0,1.0,9.0,
2026-01-04T10:31:32.049138,15 Minutes,STRONG_BUY,16.0,0.0,10.0,
2026-01-04T10:31:32.049138,30 Minutes,BUY,15.0,3.0,8.0,
2026-01-04T10:31:32.049138,1 Hour,BUY,15.0,2.0,9.0,
2026-01-04T10:31:32.049138,2 Hour,STRONG_BUY,16.0,0.0,10.0,
2026-01-04T10:31:32.049138,4 Hour,STRONG_BUY,17.0,0.0,9.0,
2026-01-04T10:31:32.049138,1 Day,BUY,11.0,6.0,9.0,
2026-01-04T10:31:32.049138,1 Week,SELL,7.0,11.0,8.0,
2026-01-04T10:47:01.469618,1 Minute,NEUTRAL,7.0,11.0,8.0,
2026-01-04T10:47:01.469618,5 Minutes,BUY,13.0,3.0,10.0,
2026-01-04T10:47:01.469618,15 Minutes,BUY,14.0,3.0,9.0,
2026-01-04T10:47:01.469618,30 Minutes,BUY,15.0,5.0,6.0,
2026-01-04T10:47:01.469618,1 Hour,BUY,15.0,2.0,9.0,
2026-01-04T10:47:01.469618,2 Hour,STRONG_BUY,16.0,0.0,10.0,
2026-01-04T10:47:01.469618,4 Hour,STRONG_BUY,17.0,0.0,9.0,
2026-01-04T10:47:01.469618,1 Day,BUY,11.0,6.0,9.0,
2026-01-04T10:47:01.469618,1 Week,SELL,7.0,11.0,8.0,
2026-01-04T10:50:21.229687,1 Minute,NEUTRAL,9.0,8.0,9.0,
2026-01-04T10:50:21.229687,5 Minutes,BUY,13.0,3.0,10.0,
2026-01-04T10:50:21.229687,15 Minutes,BUY,15.0,2.0,9.0,
2026-01-04T10:50:21.229687,30 Minutes,BUY,15.0,3.0,8.0,
2026-01-04T10:50:21.229687,1 Hour,BUY,15.0,2.0,9.0,
2026-01-04T10:50:21.229687,2 Hour,STRONG_BUY,16.0,0.0,10.0,
2026-01-04T10:50:21.229687,4 Hour,STRONG_BUY,17.0,0.0,9.0,
2026-01-04T10:50:21.229687,1 Day,BUY,11.0,6.0,9.0,
2026-01-04T10:50:21.229687,1 Week,SELL,7.0,11.0,8.0,
2026-01-04T11:06:53.601265,1 Minute,STRONG_BUY,16.0,1.0,9.0,
2026-01-04T11:06:53.601265,5 Minutes,STRONG_BUY,16.0,0.0,10.0,
2026-01-04T11:06:53.601265,15 Minutes,STRONG_BUY,17.0,1.0,8.0,
2026-01-04T11:06:53.601265,30 Minutes,STRONG_BUY,16.0,1.0,9.0,
2026-01-04T11:06:53.601265,1 Hour,STRONG_BUY,16.0,1.0,9.0,
2026-01-04T11:06:53.601265,2 Hour,STRONG_BUY,16.0,1.0,9.0,
2026-01-04T11:06:53.601265,4 Hour,STRONG_BUY,16.0,0.0,10.0,
2026-01-04T11:06:53.601265,1 Day,BUY,12.0,5.0,9.0,
2026-01-04T11:06:53.601265,1 Week,SELL,7.0,11.0,8.0,
2026-01-04T11:07:28.377819,1 Minute,BUY,14.0,3.0,9.0,
2026-01-04T11:07:28.377819,5 Minutes,STRONG_BUY,16.0,1.0,9.0,
2026-01-04T11:07:28.377819,15 Minutes,STRONG_BUY,17.0,1.0,8.0,
2026-01-04T11:07:28.377819,30 Minutes,STRONG_BUY,16.0,1.0,9.0,
2026-01-04T11:07:28.377819,1 Hour,STRONG_BUY,16.0,1.0,9.0,
2026-01-04T11:07:28.377819,2 Hour,STRONG_BUY,16.0,1.0,9.0,
2026-01-04T11:07:28.377819,4 Hour,STRONG_BUY,16.0,0.0,10.0,
2026-01-04T11:07:28.377819,1 Day,BUY,12.0,5.0,9.0,
2026-01-04T11:07:28.377819,1 Week,SELL,7.0,11.0,8.0,
2026-01-04T11:16:29.323783,1 Minute,BUY,14.0,2.0,10.0,
2026-01-04T11:16:29.323783,5 Minutes,BUY,14.0,4.0,8.0,
2026-01-04T11:16:29.323783,15 Minutes,BUY,15.0,3.0,8.0,
2026-01-04T11:16:29.323783,30 Minutes,STRONG_BUY,16.0,1.0,9.0,
2026-01-04T11:16:29.323783,1 Hour,STRONG_BUY,16.0,1.0,9.0,
2026-01-04T11:16:29.323783,2 Hour,STRONG_BUY,16.0,1.0,9.0,
2026-01-04T11:16:29.323783,4 Hour,STRONG_BUY,16.0,0.0,10.0,
2026-01-04T11:16:29.323783,1 Day,BUY,12.0,5.0,9.0,
2026-01-04T11:16:29.323783,1 Week,SELL,7.0,11.0,8.0,
2026-01-04T11:37:58.665266,1 Minute,NEUTRAL,7.0,10.0,9.0,
2026-01-04T11:37:58.665266,5 Minutes,BUY,14.0,2.0,10.0,
2026-01-04T11:37:58.665266,15 Minutes,BUY,15.0,2.0,9.0,
2026-01-04T11:37:58.665266,30 Minutes,STRONG_BUY,16.0,1.0,9.0,
2026-01-04T11:37:58.665266,1 Hour,STRONG_BUY,16.0,0.0,10.0,
2026-01-04T11:37:58.665266,2 Hour,STRONG_BUY,16.0,1.0,9.0,
2026-01-04T11:37:58.665266,4 Hour,BUY,15.0,2.0,9.0,
2026-01-04T11:37:58.665266,1 Day,BUY,12.0,6.0,8.0,
2026-01-04T11:37:58.665266,1 Week,SELL,7.0,11.0,8.0,
2026-01-04T11:49:15.325400,1 Minute,BUY,15.0,3.0,8.0,
2026-01-04T11:49:15.325400,5 Minutes,STRONG_BUY,16.0,0.0,10.0,
2026-01-04T11:49:15.325400,15 Minutes,BUY,15.0,2.0,9.0,
2026-01-04T11:49:15.325400,30 Minutes,STRONG_BUY,16.0,1.0,9.0,
2026-01-04T11:49:15.325400,1 Hour,STRONG_BUY,16.0,1.0,9.0,
2026-01-04T11:49:15.325400,2 Hour,STRONG_BUY,16.0,1.0,9.0,
2026-01-04T11:49:15.325400,4 Hour,STRONG_BUY,15.0,1.0,10.0,
2026-01-04T11:49:15.325400,1 Day,BUY,12.0,5.0,9.0,
2026-01-04T11:49:15.325400,1 Week,SELL,7.0,11.0,8.0,
2026-01-04T12:02:47.350959,1 Minute,BUY,13.0,4.0,9.0,
2026-01-04T12:02:47.350959,5 Minutes,BUY,14.0,2.0,10.0,
2026-01-04T12:02:47.350959,15 Minutes,BUY,14.0,4.0,8.0,
2026-01-04T12:02:47.350959,30 Minutes,BUY,14.0,6.0,6.0,
2026-01-04T12:02:47.350959,1 Hour,BUY,16.0,5.0,5.0,
2026-01-04T12:02:47.350959,2 Hour,STRONG_BUY,16.0,1.0,9.0,
2026-01-04T12:02:47.350959,4 Hour,STRONG_BUY,16.0,0.0,10.0,
2026-01-04T12:02:47.350959,1 Day,BUY,12.0,5.0,9.0,
2026-01-04T12:02:47.350959,1 Week,SELL,7.0,11.0,8.0,
2026-01-04T13:14:49.146367,1 Minute,SELL,4.0,13.0,9.0,
2026-01-04T13:14:49.146367,5 Minutes,NEUTRAL,7.0,9.0,10.0,
2026-01-04T13:14:49.146367,15 Minutes,BUY,13.0,3.0,10.0,
2026-01-04T13:14:49.146367,30 Minutes,BUY,14.0,4.0,8.0,
2026-01-04T13:14:49.146367,1 Hour,BUY,14.0,5.0,7.0,
2026-01-04T13:14:49.146367,2 Hour,BUY,15.0,4.0,7.0,
2026-01-04T13:14:49.146367,4 Hour,BUY,15.0,2.0,9.0,
2026-01-04T13:14:49.146367,1 Day,BUY,12.0,6.0,8.0,
2026-01-04T13:14:49.146367,1 Week,SELL,7.0,11.0,8.0,
2026-01-04T22:07:57.205986,1 Minute,SELL,4.0,13.0,9.0,
2026-01-04T22:07:57.205986,5 Minutes,SELL,6.0,10.0,10.0,
2026-01-04T22:07:57.205986,15 Minutes,BUY,11.0,6.0,9.0,
2026-01-04T22:07:57.205986,30 Minutes,BUY,13.0,3.0,10.0,
2026-01-04T22:07:57.205986,1 Hour,BUY,14.0,2.0,10.0,
2026-01-04T22:07:57.205986,2 Hour,BUY,15.0,6.0,5.0,
2026-01-04T22:07:57.205986,4 Hour,BUY,14.0,5.0,7.0,
2026-01-04T22:07:57.205986,1 Day,BUY,12.0,5.0,9.0,
2026-01-04T22:07:57.205986,1 Week,SELL,7.0,11.0,8.0,
2026-01-04T22:19:33.674863,1 Minute,SELL,3.0,13.0,10.0,
2026-01-04T22:19:33.674863,5 Minutes,SELL,6.0,10.0,10.0,
2026-01-04T22:19:33.674863,15 Minutes,BUY,10.0,6.0,10.0,
2026-01-04T22:19:33.674863,30 Minutes,BUY,12.0,4.0,10.0,
2026-01-04T22:19:33.674863,1 Hour,BUY,14.0,2.0,10.0,
2026-01-04T22:19:33.674863,2 Hour,BUY,14.0,7.0,5.0,
2026-01-04T22:19:33.674863,4 Hour,BUY,14.0,5.0,7.0,
2026-01-04T22:19:33.674863,1 Day,BUY,12.0,5.0,9.0,
2026-01-04T22:19:33.674863,1 Week,SELL,7.0,11.0,8.0,
2026-01-04T22:22:40.553394,1 Minute,SELL,3.0,13.0,10.0,
2026-01-04T22:22:40.553394,5 Minutes,SELL,7.0,12.0,7.0,
2026-01-04T22:22:40.553394,15 Minutes,NEUTRAL,9.0,7.0,10.0,
2026-01-04T22:22:40.553394,30 Minutes,BUY,12.0,4.0,10.0,
2026-01-04T22:22:40.553394,1 Hour,BUY,14.0,2.0,10.0,
2026-01-04T22:22:40.553394,2 Hour,BUY,14.0,7.0,5.0,
2026-01-04T22:22:40.553394,4 Hour,BUY,14.0,5.0,7.0,
2026-01-04T22:22:40.553394,1 Day,BUY,12.0,6.0,8.0,
2026-01-04T22:22:40.553394,1 Week,SELL,7.0,11.0,8.0,
2026-01-04T22:26:00.765632,1 Minute,SELL,3.0,13.0,10.0,
2026-01-04T22:26:00.765632,5 Minutes,SELL,9.0,13.0,4.0,
2026-01-04T22:26:00.765632,15 Minutes,NEUTRAL,8.0,8.0,10.0,
2026-01-04T22:26:00.765632,30 Minutes,BUY,11.0,5.0,10.0,
2026-01-04T22:26:00.765632,1 Hour,BUY,14.0,2.0,10.0,
2026-01-04T22:26:00.765632,2 Hour,BUY,14.0,7.0,5.0,
2026-01-04T22:26:00.765632,4 Hour,BUY,14.0,5.0,7.0,
2026-01-04T22:26:00.765632,1 Day,BUY,12.0,6.0,8.0,
2026-01-04T22:26:00.765632,1 Week,SELL,7.0,11.0,8.0,
2026-01-04T22:30:53.422801,1 Minute,SELL,5.0,11.0,10.0,
2026-01-04T22:30:53.422801,5 Minutes,SELL,6.0,13.0,7.0,
2026-01-04T22:30:53.422801,15 Minutes,NEUTRAL,9.0,8.0,9.0,
2026-01-04T22:30:53.422801,30 Minutes,BUY,12.0,4.0,10.0,
2026-01-04T22:30:53.422801,1 Hour,BUY,14.0,2.0,10.0,
2026-01-04T22:30:53.422801,2 Hour,BUY,14.0,7.0,5.0,
2026-01-04T22:30:53.422801,4 Hour,BUY,14.0,5.0,7.0,
2026-01-04T22:30:53.422801,1 Day,BUY,12.0,6.0,8.0,
2026-01-04T22:30:53.422801,1 Week,SELL,7.0,11.0,8.0,
2026-01-04T22:54:19.373527,1 Minute,SELL,5.0,15.0,6.0,
2026-01-04T22:54:19.373527,5 Minutes,SELL,2.0,14.0,10.0,
2026-01-04T22:54:19.373527,15 Minutes,SELL,5.0,12.0,9.0,
2026-01-04T22:54:19.373527,30 Minutes,NEUTRAL,9.0,7.0,10.0,
2026-01-04T22:54:19.373527,1 Hour,BUY,12.0,4.0,10.0,
2026-01-04T22:54:19.373527,2 Hour,BUY,14.0,5.0,7.0,
2026-01-04T22:54:19.373527,4 Hour,BUY,14.0,5.0,7.0,
2026-01-04T22:54:19.373527,1 Day,BUY,12.0,6.0,8.0,
2026-01-04T22:54:19.373527,1 Week,SELL,7.0,11.0,8.0,
2026-01-04T23:40:41.180303,1 Minute,SELL,4.0,15.0,7.0,
2026-01-04T23:40:41.180303,5 Minutes,SELL,5.0,14.0,7.0,
2026-01-04T23:40:41.180303,15 Minutes,SELL,5.0,12.0,9.0,
2026-01-04T23:40:41.180303,30 Minutes,NEUTRAL,7.0,9.0,10.0,
2026-01-04T23:40:41.180303,1 Hour,BUY,11.0,5.0,10.0,
2026-01-04T23:40:41.180303,2 Hour,BUY,14.0,2.0,10.0,
2026-01-04T23:40:41.180303,4 Hour,BUY,14.0,6.0,6.0,
2026-01-04T23:40:41.180303,1 Day,BUY,12.0,6.0,8.0,
2026-01-04T23:40:41.180303,1 Week,SELL,7.0,11.0,8.0,
2026-01-05T09:34:12.360498,1 Minute,SELL,3.0,13.0,10.0,
2026-01-05T09:34:12.360498,5 Minutes,SELL,4.0,13.0,9.0,
2026-01-05T09:34:12.360498,15 Minutes,NEUTRAL,8.0,10.0,8.0,
2026-01-05T09:34:12.360498,30 Minutes,NEUTRAL,8.0,9.0,9.0,
2026-01-05T09:34:12.360498,1 Hour,BUY,10.0,6.0,10.0,
2026-01-05T09:34:12.360498,2 Hour,BUY,13.0,3.0,10.0,
2026-01-05T09:34:12.360498,4 Hour,BUY,15.0,2.0,9.0,
2026-01-05T09:34:12.360498,1 Day,BUY,12.0,6.0,8.0,
2026-01-05T09:34:12.360498,1 Week,SELL,7.0,11.0,8.0,
2026-01-05T09:37:18.541617,1 Minute,SELL,2.0,14.0,10.0,
2026-01-05T09:37:18.541617,5 Minutes,SELL,4.0,12.0,10.0,
2026-01-05T09:37:18.541617,15 Minutes,NEUTRAL,9.0,9.0,8.0,
2026-01-05T09:37:18.541617,30 Minutes,NEUTRAL,9.0,8.0,9.0,
2026-01-05T09:37:18.541617,1 Hour,BUY,10.0,6.0,10.0,
2026-01-05T09:37:18.541617,2 Hour,BUY,13.0,3.0,10.0,
2026-01-05T09:37:18.541617,4 Hour,STRONG_BUY,15.0,1.0,10.0,
2026-01-05T09:37:18.541617,1 Day,BUY,12.0,6.0,8.0,
2026-01-05T09:37:18.541617,1 Week,SELL,7.0,11.0,8.0,
2026-01-05T09:39:15.122111,1 Minute,ERROR,,,,"Can't access TradingView's API. HTTP status code: 429. Check for invalid symbol, exchange, or indicators."
2026-01-05T09:39:15.122111,5 Minutes,ERROR,,,,"Can't access TradingView's API. HTTP status code: 429. Check for invalid symbol, exchange, or indicators."
2026-01-05T09:39:15.122111,15 Minutes,ERROR,,,,"Can't access TradingView's API. HTTP status code: 429. Check for invalid symbol, exchange, or indicators."
2026-01-05T09:39:15.122111,30 Minutes,ERROR,,,,"Can't access TradingView's API. HTTP status code: 429. Check for invalid symbol, exchange, or indicators."
2026-01-05T09:39:15.122111,1 Hour,ERROR,,,,"Can't access TradingView's API. HTTP status code: 429. Check for invalid symbol, exchange, or indicators."
2026-01-05T09:39:15.122111,2 Hour,ERROR,,,,"Can't access TradingView's API. HTTP status code: 429. Check for invalid symbol, exchange, or indicators."
2026-01-05T09:39:15.122111,4 Hour,ERROR,,,,"Can't access TradingView's API. HTTP status code: 429. Check for invalid symbol, exchange, or indicators."
2026-01-05T09:39:15.122111,1 Day,ERROR,,,,"Can't access TradingView's API. HTTP status code: 429. Check for invalid symbol, exchange, or indicators."
2026-01-05T09:39:15.122111,1 Week,ERROR,,,,"Can't access TradingView's API. HTTP status code: 429. Check for invalid symbol, exchange, or indicators."
2026-01-05T09:46:21.033130,1 Minute,STRONG_SELL,0.0,16.0,10.0,
2026-01-05T09:46:21.033130,5 Minutes,SELL,3.0,14.0,9.0,
2026-01-05T09:46:21.033130,15 Minutes,SELL,4.0,12.0,10.0,
2026-01-05T09:46:21.033130,30 Minutes,SELL,6.0,11.0,9.0,
2026-01-05T09:46:21.033130,1 Hour,BUY,10.0,6.0,10.0,
2026-01-05T09:46:21.033130,2 Hour,BUY,13.0,3.0,10.0,
2026-01-05T09:46:21.033130,4 Hour,BUY,15.0,2.0,9.0,
2026-01-05T09:46:21.033130,1 Day,BUY,12.0,6.0,8.0,
2026-01-05T09:46:21.033130,1 Week,SELL,7.0,11.0,8.0,
2026-01-05T09:47:08.311714,1 Minute,SELL,3.0,13.0,10.0,
2026-01-05T09:47:08.311714,5 Minutes,SELL,2.0,14.0,10.0,
2026-01-05T09:47:08.311714,15 Minutes,SELL,4.0,12.0,10.0,
2026-01-05T09:47:08.311714,30 Minutes,SELL,6.0,11.0,9.0,
2026-01-05T09:47:08.311714,1 Hour,BUY,10.0,6.0,10.0,
2026-01-05T09:47:08.311714,2 Hour,BUY,13.0,3.0,10.0,
2026-01-05T09:47:08.311714,4 Hour,BUY,15.0,2.0,9.0,
2026-01-05T09:47:08.311714,1 Day,BUY,12.0,6.0,8.0,
2026-01-05T09:47:08.311714,1 Week,SELL,7.0,11.0,8.0,
2026-01-05T12:11:42.965506,1 Minute,BUY,15.0,1.0,10.0,
2026-01-05T12:11:42.965506,5 Minutes,BUY,15.0,6.0,5.0,
2026-01-05T12:11:42.965506,15 Minutes,STRONG_BUY,16.0,2.0,8.0,
2026-01-05T12:11:42.965506,30 Minutes,STRONG_BUY,16.0,2.0,8.0,
2026-01-05T12:11:42.965506,1 Hour,STRONG_BUY,17.0,2.0,7.0,
2026-01-05T12:11:42.965506,2 Hour,STRONG_BUY,17.0,0.0,9.0,
2026-01-05T12:11:42.965506,4 Hour,STRONG_BUY,17.0,0.0,9.0,
2026-01-05T12:11:42.965506,1 Day,BUY,12.0,5.0,9.0,
2026-01-05T12:11:42.965506,1 Week,SELL,7.0,9.0,10.0,
2026-01-05T12:25:22.347671,1 Minute,BUY,16.0,2.0,8.0,
2026-01-05T12:25:22.347671,5 Minutes,BUY,16.0,3.0,7.0,
2026-01-05T12:25:22.347671,15 Minutes,BUY,15.0,5.0,6.0,
2026-01-05T12:25:22.347671,30 Minutes,STRONG_BUY,17.0,2.0,7.0,
2026-01-05T12:25:22.347671,1 Hour,STRONG_BUY,17.0,1.0,8.0,
2026-01-05T12:25:22.347671,2 Hour,STRONG_BUY,18.0,0.0,8.0,
2026-01-05T12:25:22.347671,4 Hour,STRONG_BUY,17.0,0.0,9.0,
2026-01-05T12:25:22.347671,1 Day,BUY,12.0,5.0,9.0,
2026-01-05T12:25:22.347671,1 Week,SELL,7.0,9.0,10.0,
2026-01-05T12:28:28.440690,1 Minute,BUY,14.0,2.0,10.0,
2026-01-05T12:28:28.440690,5 Minutes,BUY,15.0,3.0,8.0,
2026-01-05T12:28:28.440690,15 Minutes,BUY,15.0,5.0,6.0,
2026-01-05T12:28:28.440690,30 Minutes,STRONG_BUY,17.0,2.0,7.0,
2026-01-05T12:28:28.440690,1 Hour,STRONG_BUY,17.0,1.0,8.0,
2026-01-05T12:28:28.440690,2 Hour,STRONG_BUY,18.0,0.0,8.0,
2026-01-05T12:28:28.440690,4 Hour,STRONG_BUY,17.0,0.0,9.0,
2026-01-05T12:28:28.440690,1 Day,BUY,12.0,5.0,9.0,
2026-01-05T12:28:28.440690,1 Week,SELL,7.0,9.0,10.0,
2026-01-05T13:04:13.981723,1 Minute,BUY,13.0,3.0,10.0,
2026-01-05T13:04:13.981723,5 Minutes,STRONG_BUY,15.0,1.0,10.0,
2026-01-05T13:04:13.981723,15 Minutes,BUY,16.0,3.0,7.0,
2026-01-05T13:04:13.981723,30 Minutes,BUY,15.0,4.0,7.0,
2026-01-05T13:04:13.981723,1 Hour,STRONG_BUY,16.0,1.0,9.0,
2026-01-05T13:04:13.981723,2 Hour,STRONG_BUY,16.0,0.0,10.0,
2026-01-05T13:04:13.981723,4 Hour,STRONG_BUY,17.0,0.0,9.0,
2026-01-05T13:04:13.981723,1 Day,BUY,12.0,4.0,10.0,
2026-01-05T13:04:13.981723,1 Week,SELL,7.0,9.0,10.0,
2026-01-05T13:06:26.168012,1 Minute,BUY,13.0,4.0,9.0,
2026-01-05T13:06:26.168012,5 Minutes,STRONG_BUY,15.0,1.0,10.0,
2026-01-05T13:06:26.168012,15 Minutes,BUY,16.0,3.0,7.0,
2026-01-05T13:06:26.168012,30 Minutes,BUY,15.0,4.0,7.0,
2026-01-05T13:06:26.168012,1 Hour,STRONG_BUY,16.0,1.0,9.0,
2026-01-05T13:06:26.168012,2 Hour,STRONG_BUY,16.0,0.0,10.0,
2026-01-05T13:06:26.168012,4 Hour,STRONG_BUY,17.0,0.0,9.0,
2026-01-05T13:06:26.168012,1 Day,BUY,12.0,4.0,10.0,
2026-01-05T13:06:26.168012,1 Week,SELL,7.0,9.0,10.0,
2026-01-05T15:20:54.278062,1 Minute,SELL,2.0,15.0,9.0,
2026-01-05T15:20:54.278062,5 Minutes,SELL,8.0,11.0,7.0,
2026-01-05T15:20:54.278062,15 Minutes,BUY,12.0,4.0,10.0,
2026-01-05T15:20:54.278062,30 Minutes,BUY,14.0,2.0,10.0,
2026-01-05T15:20:54.278062,1 Hour,BUY,14.0,5.0,7.0,
2026-01-05T15:20:54.278062,2 Hour,BUY,14.0,5.0,7.0,
2026-01-05T15:20:54.278062,4 Hour,BUY,15.0,4.0,7.0,
2026-01-05T15:20:54.278062,1 Day,BUY,12.0,6.0,8.0,
2026-01-05T15:20:54.278062,1 Week,SELL,7.0,9.0,10.0,
2026-01-05T15:22:56.577299,1 Minute,SELL,2.0,15.0,9.0,
2026-01-05T15:22:56.577299,5 Minutes,SELL,5.0,12.0,9.0,
2026-01-05T15:22:56.577299,15 Minutes,BUY,12.0,4.0,10.0,
2026-01-05T15:22:56.577299,30 Minutes,BUY,14.0,2.0,10.0,
2026-01-05T15:22:56.577299,1 Hour,BUY,14.0,5.0,7.0,
2026-01-05T15:22:56.577299,2 Hour,BUY,14.0,4.0,8.0,
2026-01-05T15:22:56.577299,4 Hour,BUY,15.0,4.0,7.0,
2026-01-05T15:22:56.577299,1 Day,BUY,12.0,6.0,8.0,
2026-01-05T15:22:56.577299,1 Week,SELL,7.0,9.0,10.0,
2026-01-05T15:25:22.924522,1 Minute,ERROR,,,,"Can't access TradingView's API. HTTP status code: 429. Check for invalid symbol, exchange, or indicators."
2026-01-05T15:25:22.924522,5 Minutes,ERROR,,,,"Can't access TradingView's API. HTTP status code: 429. Check for invalid symbol, exchange, or indicators."
2026-01-05T15:25:22.924522,15 Minutes,ERROR,,,,"Can't access TradingView's API. HTTP status code: 429. Check for invalid symbol, exchange, or indicators."
2026-01-05T15:25:22.924522,30 Minutes,ERROR,,,,"Can't access TradingView's API. HTTP status code: 429. Check for invalid symbol, exchange, or indicators."
2026-01-05T15:25:22.924522,1 Hour,ERROR,,,,"Can't access TradingView's API. HTTP status code: 429. Check for invalid symbol, exchange, or indicators."
2026-01-05T15:25:22.924522,2 Hour,ERROR,,,,"Can't access TradingView's API. HTTP status code: 429. Check for invalid symbol, exchange, or indicators."
2026-01-05T15:25:22.924522,4 Hour,ERROR,,,,"Can't access TradingView's API. HTTP status code: 429. Check for invalid symbol, exchange, or indicators."
2026-01-05T15:25:22.924522,1 Day,ERROR,,,,"Can't access TradingView's API. HTTP status code: 429. Check for invalid symbol, exchange, or indicators."
2026-01-05T15:25:22.924522,1 Week,ERROR,,,,"Can't access TradingView's API. HTTP status code: 429. Check for invalid symbol, exchange, or indicators."
2026-01-05T15:35:26.048495,1 Minute,STRONG_SELL,1.0,15.0,10.0,
2026-01-05T15:35:26.048495,5 Minutes,NEUTRAL,9.0,10.0,7.0,
2026-01-05T15:35:26.048495,15 Minutes,NEUTRAL,9.0,7.0,10.0,
2026-01-05T15:35:26.048495,30 Minutes,BUY,12.0,4.0,10.0,
2026-01-05T15:35:26.048495,1 Hour,BUY,14.0,3.0,9.0,
2026-01-05T15:35:26.048495,2 Hour,BUY,14.0,4.0,8.0,
2026-01-05T15:35:26.048495,4 Hour,BUY,15.0,4.0,7.0,
2026-01-05T15:35:26.048495,1 Day,BUY,12.0,6.0,8.0,
2026-01-05T15:35:26.048495,1 Week,SELL,7.0,9.0,10.0,
2026-01-05T15:42:32.766880,1 Minute,SELL,6.0,10.0,10.0,
2026-01-05T15:42:32.766880,5 Minutes,SELL,7.0,11.0,8.0,
2026-01-05T15:42:32.766880,15 Minutes,NEUTRAL,9.0,7.0,10.0,
2026-01-05T15:42:32.766880,30 Minutes,BUY,12.0,4.0,10.0,
2026-01-05T15:42:32.766880,1 Hour,BUY,14.0,3.0,9.0,
2026-01-05T15:42:32.766880,2 Hour,BUY,14.0,4.0,8.0,
2026-01-05T15:42:32.766880,4 Hour,BUY,15.0,4.0,7.0,
2026-01-05T15:42:32.766880,1 Day,BUY,12.0,6.0,8.0,
2026-01-05T15:42:32.766880,1 Week,SELL,7.0,9.0,10.0,
2026-01-05T15:48:50.158195,1 Minute,SELL,5.0,12.0,9.0,
2026-01-05T15:48:50.158195,5 Minutes,NEUTRAL,8.0,10.0,8.0,
2026-01-05T15:48:50.158195,15 Minutes,BUY,12.0,6.0,8.0,
2026-01-05T15:48:50.158195,30 Minutes,BUY,12.0,4.0,10.0,
2026-01-05T15:48:50.158195,1 Hour,BUY,14.0,3.0,9.0,
2026-01-05T15:48:50.158195,2 Hour,BUY,14.0,4.0,8.0,
2026-01-05T15:48:50.158195,4 Hour,BUY,15.0,4.0,7.0,
2026-01-05T15:48:50.158195,1 Day,BUY,12.0,6.0,8.0,
2026-01-05T15:48:50.158195,1 Week,SELL,7.0,9.0,10.0,
2026-01-05T16:01:12.689496,1 Minute,NEUTRAL,8.0,9.0,9.0,
2026-01-05T16:01:12.689496,5 Minutes,NEUTRAL,7.0,9.0,10.0,
2026-01-05T16:01:12.689496,15 Minutes,BUY,11.0,6.0,9.0,
2026-01-05T16:01:12.689496,30 Minutes,BUY,14.0,2.0,10.0,
2026-01-05T16:01:12.689496,1 Hour,BUY,15.0,1.0,10.0,
2026-01-05T16:01:12.689496,2 Hour,BUY,14.0,4.0,8.0,
2026-01-05T16:01:12.689496,4 Hour,BUY,15.0,4.0,7.0,
2026-01-05T16:01:12.689496,1 Day,BUY,12.0,6.0,8.0,
2026-01-05T16:01:12.689496,1 Week,SELL,7.0,9.0,10.0,
2026-01-05T16:15:20.926119,1 Minute,NEUTRAL,9.0,7.0,10.0,
2026-01-05T16:15:20.926119,5 Minutes,NEUTRAL,9.0,7.0,10.0,
2026-01-05T16:15:20.926119,15 Minutes,BUY,11.0,6.0,9.0,
2026-01-05T16:15:20.926119,30 Minutes,BUY,14.0,2.0,10.0,
2026-01-05T16:15:20.926119,1 Hour,BUY,15.0,2.0,9.0,
2026-01-05T16:15:20.926119,2 Hour,BUY,14.0,4.0,8.0,
2026-01-05T16:15:20.926119,4 Hour,BUY,15.0,4.0,7.0,
2026-01-05T16:15:20.926119,1 Day,BUY,12.0,6.0,8.0,
2026-01-05T16:15:20.926119,1 Week,SELL,7.0,9.0,10.0,
2026-01-05T16:33:08.464769,1 Minute,BUY,13.0,4.0,9.0,
2026-01-05T16:33:08.464769,5 Minutes,BUY,13.0,3.0,10.0,
2026-01-05T16:33:08.464769,15 Minutes,BUY,11.0,5.0,10.0,
2026-01-05T16:33:08.464769,30 Minutes,BUY,14.0,2.0,10.0,
2026-01-05T16:33:08.464769,1 Hour,BUY,15.0,2.0,9.0,
2026-01-05T16:33:08.464769,2 Hour,BUY,14.0,5.0,7.0,
2026-01-05T16:33:08.464769,4 Hour,BUY,15.0,4.0,7.0,
2026-01-05T16:33:08.464769,1 Day,BUY,12.0,6.0,8.0,
2026-01-05T16:33:08.464769,1 Week,SELL,7.0,9.0,10.0,
2026-01-06T14:34:54.131059,1 Minute,BUY,15.0,2.0,9.0,
2026-01-06T14:34:54.131059,5 Minutes,BUY,16.0,3.0,7.0,
2026-01-06T14:34:54.131059,15 Minutes,BUY,13.0,4.0,9.0,
2026-01-06T14:34:54.131059,30 Minutes,BUY,14.0,3.0,9.0,
2026-01-06T14:34:54.131059,1 Hour,BUY,14.0,3.0,9.0,
2026-01-06T14:34:54.131059,2 Hour,BUY,14.0,2.0,10.0,
2026-01-06T14:34:54.131059,4 Hour,BUY,15.0,2.0,9.0,
2026-01-06T14:34:54.131059,1 Day,BUY,10.0,7.0,9.0,
2026-01-06T14:34:54.131059,1 Week,NEUTRAL,7.0,9.0,10.0,
2026-01-06T14:38:38.434365,1 Minute,STRONG_BUY,15.0,1.0,10.0,
2026-01-06T14:38:38.434365,5 Minutes,BUY,15.0,2.0,9.0,
2026-01-06T14:38:38.434365,15 Minutes,BUY,13.0,4.0,9.0,
2026-01-06T14:38:38.434365,30 Minutes,BUY,14.0,3.0,9.0,
2026-01-06T14:38:38.434365,1 Hour,BUY,14.0,3.0,9.0,
2026-01-06T14:38:38.434365,2 Hour,BUY,14.0,2.0,10.0,
2026-01-06T14:38:38.434365,4 Hour,BUY,15.0,3.0,8.0,
2026-01-06T14:38:38.434365,1 Day,ERROR,,,,"Can't access TradingView's API. HTTP status code: 429. Check for invalid symbol, exchange, or indicators."
2026-01-06T14:38:38.434365,1 Week,ERROR,,,,"Can't access TradingView's API. HTTP status code: 429. Check for invalid symbol, exchange, or indicators."
2026-01-06T16:39:01.636870,1 Minute,SELL,1.0,15.0,10.0,
2026-01-06T16:39:01.636870,5 Minutes,STRONG_SELL,1.0,16.0,9.0,
2026-01-06T16:39:01.636870,15 Minutes,SELL,4.0,13.0,9.0,
2026-01-06T16:39:01.636870,30 Minutes,SELL,7.0,11.0,8.0,
2026-01-06T16:39:01.636870,1 Hour,BUY,10.0,6.0,10.0,
2026-01-06T16:39:01.636870,2 Hour,BUY,12.0,4.0,10.0,
2026-01-06T16:39:01.636870,4 Hour,BUY,14.0,4.0,8.0,
2026-01-06T16:39:01.636870,1 Day,NEUTRAL,10.0,10.0,6.0,
2026-01-06T16:39:01.636870,1 Week,NEUTRAL,7.0,9.0,10.0,
2026-01-06T16:48:12.465603,1 Minute,SELL,4.0,15.0,7.0,
2026-01-06T16:48:12.465603,5 Minutes,STRONG_SELL,1.0,16.0,9.0,
2026-01-06T16:48:12.465603,15 Minutes,SELL,4.0,13.0,9.0,
2026-01-06T16:48:12.465603,30 Minutes,SELL,6.0,11.0,9.0,
2026-01-06T16:48:12.465603,1 Hour,NEUTRAL,9.0,7.0,10.0,
2026-01-06T16:48:12.465603,2 Hour,BUY,12.0,4.0,10.0,
2026-01-06T16:48:12.465603,4 Hour,BUY,14.0,4.0,8.0,
2026-01-06T16:48:12.465603,1 Day,NEUTRAL,10.0,10.0,6.0,
2026-01-06T16:48:12.465603,1 Week,NEUTRAL,7.0,9.0,10.0,
2026-01-06T16:59:06.988123,1 Minute,SELL,3.0,14.0,9.0,
2026-01-06T16:59:06.988123,5 Minutes,SELL,2.0,15.0,9.0,
2026-01-06T16:59:06.988123,15 Minutes,SELL,4.0,13.0,9.0,
2026-01-06T16:59:06.988123,30 Minutes,SELL,6.0,11.0,9.0,
2026-01-06T16:59:06.988123,1 Hour,NEUTRAL,9.0,7.0,10.0,
2026-01-06T16:59:06.988123,2 Hour,BUY,12.0,4.0,10.0,
2026-01-06T16:59:06.988123,4 Hour,BUY,14.0,3.0,9.0,
2026-01-06T16:59:06.988123,1 Day,NEUTRAL,10.0,10.0,6.0,
2026-01-06T16:59:06.988123,1 Week,NEUTRAL,7.0,9.0,10.0,
2026-01-06T22:00:40.886032,1 Minute,BUY,13.0,3.0,10.0,
2026-01-06T22:00:40.886032,5 Minutes,BUY,10.0,6.0,10.0,
2026-01-06T22:00:40.886032,15 Minutes,BUY,11.0,6.0,9.0,
2026-01-06T22:00:40.886032,30 Minutes,NEUTRAL,8.0,8.0,10.0,
2026-01-06T22:00:40.886032,1 Hour,BUY,14.0,3.0,9.0,
2026-01-06T22:00:40.886032,2 Hour,BUY,13.0,4.0,9.0,
2026-01-06T22:00:40.886032,4 Hour,STRONG_BUY,15.0,1.0,10.0,
2026-01-06T22:00:40.886032,1 Day,NEUTRAL,10.0,10.0,6.0,
2026-01-06T22:00:40.886032,1 Week,NEUTRAL,7.0,9.0,10.0,
2026-01-06T22:16:50.253412,1 Minute,BUY,12.0,4.0,10.0,
2026-01-06T22:16:50.253412,5 Minutes,BUY,13.0,6.0,7.0,
2026-01-06T22:16:50.253412,15 Minutes,BUY,15.0,4.0,7.0,
2026-01-06T22:16:50.253412,30 Minutes,BUY,14.0,3.0,9.0,
2026-01-06T22:16:50.253412,1 Hour,BUY,14.0,3.0,9.0,
2026-01-06T22:16:50.253412,2 Hour,BUY,14.0,3.0,9.0,
2026-01-06T22:16:50.253412,4 Hour,STRONG_BUY,15.0,1.0,10.0,
2026-01-06T22:16:50.253412,1 Day,NEUTRAL,10.0,10.0,6.0,
2026-01-06T22:16:50.253412,1 Week,NEUTRAL,7.0,9.0,10.0,
2026-01-06T22:26:00.066368,1 Minute,STRONG_BUY,17.0,0.0,9.0,
2026-01-06T22:26:00.066368,5 Minutes,BUY,15.0,3.0,8.0,
2026-01-06T22:26:00.066368,15 Minutes,STRONG_BUY,17.0,0.0,9.0,
2026-01-06T22:26:00.066368,30 Minutes,STRONG_BUY,17.0,0.0,9.0,
2026-01-06T22:26:00.066368,1 Hour,BUY,14.0,3.0,9.0,
2026-01-06T22:26:00.066368,2 Hour,BUY,14.0,3.0,9.0,
2026-01-06T22:26:00.066368,4 Hour,STRONG_BUY,16.0,0.0,10.0,
2026-01-06T22:26:00.066368,1 Day,NEUTRAL,10.0,10.0,6.0,
2026-01-06T22:26:00.066368,1 Week,NEUTRAL,7.0,9.0,10.0,
2026-01-07T08:04:53.616731,1 Minute,SELL,4.0,12.0,10.0,
2026-01-07T08:04:53.616731,5 Minutes,NEUTRAL,7.0,9.0,10.0,
2026-01-07T08:04:53.616731,15 Minutes,SELL,6.0,12.0,8.0,
2026-01-07T08:04:53.616731,30 Minutes,SELL,4.0,12.0,10.0,
2026-01-07T08:04:53.616731,1 Hour,SELL,5.0,11.0,10.0,
2026-01-07T08:04:53.616731,2 Hour,NEUTRAL,10.0,8.0,8.0,
2026-01-07T08:04:53.616731,4 Hour,BUY,11.0,6.0,9.0,
2026-01-07T08:04:53.616731,1 Day,NEUTRAL,10.0,9.0,7.0,
2026-01-07T08:04:53.616731,1 Week,NEUTRAL,7.0,9.0,10.0,
2026-01-07T21:18:44.952432,1 Minute,BUY,12.0,4.0,10.0,
2026-01-07T21:18:44.952432,5 Minutes,SELL,4.0,13.0,9.0,
2026-01-07T21:18:44.952432,15 Minutes,SELL,4.0,15.0,7.0,
2026-01-07T21:18:44.952432,30 Minutes,SELL,4.0,14.0,8.0,
2026-01-07T21:18:44.952432,1 Hour,SELL,4.0,13.0,9.0,
2026-01-07T21:18:44.952432,2 Hour,SELL,6.0,11.0,9.0,
2026-01-07T21:18:44.952432,4 Hour,SELL,6.0,11.0,9.0,
2026-01-07T21:18:44.952432,1 Day,NEUTRAL,10.0,8.0,8.0,
2026-01-07T21:18:44.952432,1 Week,NEUTRAL,8.0,9.0,9.0,
2026-01-08T16:14:58.439560,1 Minute,NEUTRAL,10.0,8.0,8.0,
2026-01-08T16:14:58.439560,5 Minutes,NEUTRAL,9.0,7.0,10.0,
2026-01-08T16:14:58.439560,15 Minutes,SELL,4.0,12.0,10.0,
2026-01-08T16:14:58.439560,30 Minutes,SELL,3.0,13.0,10.0,
2026-01-08T16:14:58.439560,1 Hour,SELL,3.0,13.0,10.0,
2026-01-08T16:14:58.439560,2 Hour,SELL,8.0,11.0,7.0,
2026-01-08T16:14:58.439560,4 Hour,BUY,10.0,9.0,7.0,
2026-01-08T16:14:58.439560,1 Day,BUY,10.0,7.0,9.0,
2026-01-08T16:14:58.439560,1 Week,NEUTRAL,7.0,10.0,9.0,
2026-01-08T16:30:12.536808,1 Minute,SELL,3.0,14.0,9.0,
2026-01-08T16:30:12.536808,5 Minutes,SELL,4.0,12.0,10.0,
2026-01-08T16:30:12.536808,15 Minutes,SELL,2.0,15.0,9.0,
2026-01-08T16:30:12.536808,30 Minutes,SELL,3.0,13.0,10.0,
2026-01-08T16:30:12.536808,1 Hour,SELL,3.0,13.0,10.0,
2026-01-08T16:30:12.536808,2 Hour,SELL,7.0,12.0,7.0,
2026-01-08T16:30:12.536808,4 Hour,NEUTRAL,10.0,9.0,7.0,
2026-01-08T16:30:12.536808,1 Day,BUY,10.0,7.0,9.0,
2026-01-08T16:30:12.536808,1 Week,NEUTRAL,7.0,10.0,9.0,
2026-01-08T21:37:14.829269,1 Minute,STRONG_BUY,16.0,1.0,9.0,
2026-01-08T21:37:14.829269,5 Minutes,NEUTRAL,10.0,8.0,8.0,
2026-01-08T21:37:14.829269,15 Minutes,SELL,5.0,11.0,10.0,
2026-01-08T21:37:14.829269,30 Minutes,SELL,3.0,13.0,10.0,
2026-01-08T21:37:14.829269,1 Hour,SELL,3.0,14.0,9.0,
2026-01-08T21:37:14.829269,2 Hour,SELL,7.0,12.0,7.0,
2026-01-08T21:37:14.829269,4 Hour,SELL,6.0,11.0,9.0,
2026-01-08T21:37:14.829269,1 Day,NEUTRAL,7.0,10.0,9.0,
2026-01-08T21:37:14.829269,1 Week,NEUTRAL,7.0,10.0,9.0,
2026-01-09T07:36:10.765698,1 Minute,NEUTRAL,9.0,7.0,10.0,
2026-01-09T07:36:10.765698,5 Minutes,SELL,7.0,12.0,7.0,
2026-01-09T07:36:10.765698,15 Minutes,SELL,7.0,11.0,8.0,
2026-01-09T07:36:10.765698,30 Minutes,SELL,4.0,12.0,10.0,
2026-01-09T07:36:10.765698,1 Hour,SELL,5.0,13.0,8.0,
2026-01-09T07:36:10.765698,2 Hour,SELL,4.0,13.0,9.0,
2026-01-09T07:36:10.765698,4 Hour,SELL,6.0,11.0,9.0,
2026-01-09T07:36:10.765698,1 Day,NEUTRAL,8.0,9.0,9.0,
2026-01-09T07:36:10.765698,1 Week,NEUTRAL,7.0,10.0,9.0,
2026-01-09T14:10:11.502581,1 Minute,SELL,8.0,11.0,7.0,
2026-01-09T14:10:11.502581,5 Minutes,SELL,6.0,11.0,9.0,
2026-01-09T14:10:11.502581,15 Minutes,SELL,6.0,11.0,9.0,
2026-01-09T14:10:11.502581,30 Minutes,NEUTRAL,7.0,9.0,10.0,
2026-01-09T14:10:11.502581,1 Hour,BUY,11.0,6.0,9.0,
2026-01-09T14:10:11.502581,2 Hour,BUY,10.0,7.0,9.0,
2026-01-09T14:10:11.502581,4 Hour,BUY,10.0,7.0,9.0,
2026-01-09T14:10:11.502581,1 Day,NEUTRAL,9.0,8.0,9.0,
2026-01-09T14:10:11.502581,1 Week,NEUTRAL,7.0,10.0,9.0,
