timestamp,type,price,amount_usd,amount_btc,fee_btc,fee_usd,rsi,signal_type,volume,stop_loss,take_profit,cash_after,position_btc_after,exit_reason,profit_loss,candles_held
2025-07-15,SELL,116783.14995,9990.00000000028,0.08554316272747771,8.562879151899671e-05,10.00000000000028,74.36628044398043,VOLUME_BREAKOUT,8446.60437,117075.107824875,116199.23420025001,19990.00000000028,-0.08554316272747771,,,
2025-07-15,BUY,116199.23420025001,9949.99005000028,0.08562870589020519,8.554316272747771e-05,9.94005000000028,78.03204351820433,TAKE_PROFIT,32018.46083,,,10040.00995,0.0,TAKE_PROFIT,40.00995000000097,1.0
2025-07-20,SELL,116695.94724,10029.969940050327,0.08594959959853982,8.60356352337736e-05,10.040009950000329,76.56587565355058,VOLUME_BREAKOUT,19924.66266,116987.68710809998,116112.4675038,20069.979890050327,-0.08594959959853982,,,
2025-07-20,BUY,116987.68710809998,10065.099909765353,0.08603554919813836,8.594959959853982e-05,10.055044864900452,72.20804365529332,STOP_LOSS,12962.92889,,,10004.879980284973,0.0,STOP_LOSS,-35.129969715025446,1.0
2025-07-22,SELL,116350.55298000001,9994.875100304997,0.08590311643832976,8.598910554387364e-05,10.004879980285283,72.20804365529332,VOLUME_BREAKOUT,12962.92889,116641.42936245,115768.80021510001,19999.75508058997,-0.08590311643832976,,,
2025-07-22,BUY,116641.42936245,10029.882150343814,0.08598901955476809,8.590311643832977e-05,10.019862288055759,78.67123197950703,STOP_LOSS,20959.12973,,,9969.872930246156,0.0,STOP_LOSS,-35.00705003881748,1.0
2025-07-24,SELL,117183.699,9959.903057316065,0.08499392955086753,8.507900855942696e-05,9.969872930246312,70.75007006803773,VOLUME_BREAKOUT,14558.75083,117476.65824749999,116597.78050499999,19929.77598756222,-0.08499392955086753,,,
2025-07-24,BUY,117476.65824749999,9994.787617774315,0.0850789234804184,8.499392955086753e-05,9.984802814959355,58.46756411364822,STOP_LOSS,15806.89043,,,9934.988369787907,0.0,STOP_LOSS,-34.884560458249126,1.0
2025-07-25,SELL,115621.18308,9925.053381418189,0.08584113323378553,8.59270602940796e-05,9.934988369787977,78.03204351820433,VOLUME_BREAKOUT,32018.46083,115910.2360377,115043.0771646,19860.041751206096,-0.08584113323378553,,,
2025-07-25,BUY,115043.0771646,9885.30354262561,0.08592697436701932,8.584113323378553e-05,9.875428114511099,50.3339564103058,TAKE_PROFIT,38406.34873,,,9974.738208580486,0.0,TAKE_PROFIT,39.749838792579496,1.0
2025-07-30,SELL,116833.79925,9964.76347037199,0.08529007474155208,8.537545019174382e-05,9.97473820858057,50.82852068614086,VOLUME_BREAKOUT,15137.93445,117125.883748125,116249.63025375,19939.501678952474,-0.08529007474155208,,,
2025-07-30,BUY,116249.63025375,9924.854592673151,0.08537536481629363,8.529007474155208e-05,9.91493965302013,46.36403211273885,TAKE_PROFIT,15586.73631,,,10014.647086279323,0.0,TAKE_PROFIT,39.90887769883939,1.0
2025-08-01,SELL,114608.43684000001,10004.63243919318,0.0872940310071607,8.738141241958028e-05,10.014647086279458,50.3339564103058,VOLUME_BREAKOUT,38406.34873,114894.9579321,114035.3946558,20019.279525472502,-0.0872940310071607,,,
2025-08-01,BUY,114035.3946558,9964.563886274209,0.08738132503816785,8.72940310071607e-05,9.954609276997212,32.999289388072754,TAKE_PROFIT,24487.10206,,,10054.715639198294,0.0,TAKE_PROFIT,40.06855291896928,1.0
2025-08-04,BUY,114914.76997,10054.715639198557,0.08740965957797808,8.749715673471279e-05,10.054715639198557,40.052531196500546,VOLUME_BREAKOUT,7397.76046,114627.483045075,115489.34381984998,-2.637534635141492e-10,0.08740965957797808,,,
2025-08-04,SELL,115489.34381984998,10084.789343948976,0.08732224991840011,8.740965957797808e-05,10.094884228177154,42.77546729102625,TAKE_PROFIT,9667.67916,,,10084.789343948712,0.0,TAKE_PROFIT,40.07819708500054,1.0
2025-08-07,BUY,115835.71999999999,10084.789343948978,0.08697407461709591,8.706113575284877e-05,10.084789343948978,42.77546729102625,VOLUME_BREAKOUT,9667.67916,115546.1307,116414.89859999997,-2.6557245291769505e-10,0.08697407461709591,,,
2025-08-07,SELL,116414.89859999997,10114.952999300674,0.08688710054247882,8.697407461709592e-05,10.125078077378053,47.31354191527535,TAKE_PROFIT,13468.56263,,,10114.952999300409,0.0,TAKE_PROFIT,40.198071172872744,1.0
2025-08-09,BUY,117738.62099999998,10114.952999300685,0.08582432816417465,8.591023840257724e-05,10.114952999300685,47.31354191527535,VOLUME_BREAKOUT,13468.56263,117444.27444749999,118327.31410499997,-2.764863893389702e-10,0.08582432816417465,,,
2025-08-09,SELL,117444.27444749999,10069.496375234445,0.08573850383601048,8.582432816417465e-05,10.079575951185632,45.48707984897285,STOP_LOSS,9514.13144,,,10069.496375234168,0.0,STOP_LOSS,-35.31640897182265,1.0
2025-08-11,BUY,119430.42110999998,10069.496375234325,0.08422834639085777,8.431265904990768e-05,10.069496375234325,49.65248351055128,VOLUME_BREAKOUT,14322.77073,119131.84505722499,120027.57321554997,-1.5643308870494366e-10,0.08422834639085777,,,
2025-08-11,SELL,120027.57321554997,10099.614289240133,0.08414411804446692,8.422834639085778e-05,10.109724013253386,51.86265210504057,TAKE_PROFIT,26494.33429,,,10099.614289239977,0.0,TAKE_PROFIT,40.137113246647,1.0
2025-08-14,SELL,117932.05989,10089.514674951004,0.08555362031632367,8.563925957589958e-05,10.099614289240245,51.86265210504057,VOLUME_BREAKOUT,26494.33429,118226.890039725,117342.39959055,20189.128964190983,-0.08555362031632367,,,
2025-08-14,BUY,117342.39959055,10049.106168677827,0.08563917393664,8.555362031632367e-05,10.039067101576249,55.256456319249025,TAKE_PROFIT,27980.947586,,,10140.022795513156,0.0,TAKE_PROFIT,40.40850627317869,1.0
2025-08-15,SELL,117062.82,10129.88277271784,0.08653373268060549,8.662035303363913e-05,10.140022795513351,55.256456319249025,VOLUME_BREAKOUT,27980.947586,117355.47705,116477.5059,20269.905568230995,-0.08653373268060549,,,
2025-08-15,BUY,117355.47705,10165.362687129284,0.0866202664132861,8.65337326806055e-05,10.155207479649633,58.96218177885613,STOP_LOSS,13623.33874,,,10104.542881101712,0.0,STOP_LOSS,-35.47991441144374,1.0
2025-08-18,SELL,116687.18601,10094.438338220987,0.08650854205495967,8.659513719215182e-05,10.10454288110209,58.96218177885613,VOLUME_BREAKOUT,13623.33874,116978.903975025,116103.75007995,20198.981219322697,-0.08650854205495967,,,
2025-08-18,BUY,116103.75007995,10054.010112676411,0.08659505059701463,8.650854205495967e-05,10.04396614652988,52.85262963179316,TAKE_PROFIT,17745.93954,,,10144.971106646286,0.0,TAKE_PROFIT,40.42822554457568,1.0
2025-08-19,SELL,114525.49986,10134.826135539695,0.08849405720061351,8.858263984045396e-05,10.14497110664634,52.85262963179316,VOLUME_BREAKOUT,17745.93954,114811.81360965,113952.8723607,20279.79724218598,-0.08849405720061351,,,
2025-08-19,BUY,113952.8723607,10094.236156866858,0.08858255125781413,8.849405720061352e-05,10.084152004861997,47.2644300818009,TAKE_PROFIT,18065.47424,,,10185.561085319123,0.0,TAKE_PROFIT,40.58997867283621,1.0
2025-08-21,BUY,114729.99538,10185.56108531925,0.08868975798815143,8.87785365246761e-05,10.185561085319248,48.4663771976581,VOLUME_BREAKOUT,15636.34194,114443.17039155,115303.64535689999,-1.2732925824820995e-10,0.08868975798815143,,,
2025-08-21,SELL,114443.17039155,10139.787148337924,0.08860106823016328,8.868975798815143e-05,10.149937085423346,39.09594800804072,STOP_LOSS,10839.69235,,,10139.787148337797,0.0,STOP_LOSS,-35.56293745719728,1.0
2025-08-27,BUY,112483.37099999998,10139.787148338002,0.09005462115097586,9.014476591689276e-05,10.139787148338002,35.960840639542965,VOLUME_BREAKOUT,18452.43877,112202.16257249999,113045.78785499997,-2.0554580260068178e-10,0.09005462115097586,,,
2025-08-27,SELL,112202.16257249999,10094.218919543904,0.08996456652982489,9.005462115097586e-05,10.10432324278669,27.811719365987017,STOP_LOSS,13392.60875,,,10094.218919543699,0.0,STOP_LOSS,-35.40311752735737,1.0
2025-08-30,SELL,107405.6868,10084.124700624569,0.09388818228407407,9.398216444852258e-05,10.094218919544112,58.13323045881639,VOLUME_BREAKOUT,9405.37601,107674.20101699998,106868.65836599999,20178.343620168267,-0.09388818228407407,,,
2025-08-30,BUY,107674.20101699998,10119.444347388504,0.09398207046635815,9.388818228407407e-05,10.109335012376128,34.182152378145034,STOP_LOSS,10708.39159,,,10058.899272779763,0.0,STOP_LOSS,-35.31964676393652,1.0
2025-08-31,BUY,109035.07614999998,10058.899272780183,0.0921615385463956,9.225379233873434e-05,10.058899272780183,34.182152378145034,VOLUME_BREAKOUT,10708.39159,108762.48845962499,109580.25153074997,-4.2018655221909285e-10,0.0921615385463956,,,
2025-08-31,SELL,108762.48845962499,10013.69455430106,0.0920693770078492,9.21615385463956e-05,10.023718272573635,33.418654063965604,STOP_LOSS,9489.51596,,,10013.69455430064,0.0,STOP_LOSS,-35.12069710540733,1.0
2025-09-02,BUY,110022.31239999998,10013.694554301068,0.09092411022390735,9.101512534925662e-05,10.013694554301068,37.25936886972772,VOLUME_BREAKOUT,16053.60219,109747.25661899999,110572.42396199997,-4.2746250983327627e-10,0.09092411022390735,,,
2025-09-02,SELL,110572.42396199997,10043.645564781455,0.09083318611368345,9.092411022390735e-05,10.0536992640455,46.869256622678435,TAKE_PROFIT,18510.28756,,,10043.645564781027,0.0,TAKE_PROFIT,39.91468663038879,1.0
2025-09-03,BUY,111883.29152,10043.645564781218,0.08967918071504764,8.976894966471236e-05,10.043645564781219,46.869256622678435,VOLUME_BREAKOUT,18510.28756,111603.5832912,112442.70797759999,-1.9099388737231493e-10,0.08967918071504764,,,
2025-09-03,SELL,112442.70797759999,10073.686158883706,0.0895895015343326,8.967918071504764e-05,10.083769928812519,44.898802410687836,TAKE_PROFIT,11773.72084,,,10073.686158883515,0.0,TAKE_PROFIT,40.03407165767263,1.0
2025-09-05,BUY,112687.84526999999,10073.686158883687,0.08930521697892435,8.939461159051488e-05,10.073686158883689,44.898802410687836,VOLUME_BREAKOUT,11773.72084,112406.125656825,113251.28449634998,-1.7280399333685637e-10,0.08930521697892435,,,
2025-09-05,SELL,113251.28449634998,10103.816604553338,0.08921591176194543,8.930521697892436e-05,10.113930535088427,34.29809795825237,TAKE_PROFIT,21587.40888,,,10103.816604553165,0.0,TAKE_PROFIT,40.15381376617111,1.0
2025-09-08,BUY,111711.59999999999,10103.816604553347,0.09035509998915774,9.044554553469243e-05,10.103816604553346,43.44168253651922,VOLUME_BREAKOUT,5681.29944,111432.321,112270.15799999998,-1.8189894035458565e-10,0.09035509998915774,,,
2025-09-08,SELL,112270.15799999998,10134.037170536647,0.09026474488916858,9.035509998915774e-05,10.144181351888536,56.296699378663334,TAKE_PROFIT,11582.40211,,,10134.037170536465,0.0,TAKE_PROFIT,40.273914023914784,1.0
2025-09-10,BUY,113599.38589999998,10134.03717053664,0.08911934737286378,8.920855592879259e-05,10.13403717053664,37.778531637575504,VOLUME_BREAKOUT,11104.27744,113315.38743524998,114167.38282949997,-1.7462298274040222e-10,0.08911934737286378,,,
2025-09-10,SELL,114167.38282949997,10164.348126383898,0.08903022802549092,8.911934737286379e-05,10.174522649032932,58.28106746977156,TAKE_PROFIT,17517.41823,,,10164.348126383724,0.0,TAKE_PROFIT,40.39437350212987,1.0
2025-09-15,SELL,115012.14273,10154.18377825753,0.08828792801552501,8.837630431984486e-05,10.164348126383913,78.32323283886372,VOLUME_BREAKOUT,8269.40394,115299.673086825,114437.08201635,20318.531904641255,-0.08828792801552501,,,
2025-09-15,BUY,114437.08201635,10113.516272225608,0.08837621594354055,8.828792801552501e-05,10.103412859366241,76.10244724455448,TAKE_PROFIT,13212.51149,,,10205.015632415647,0.0,TAKE_PROFIT,40.66750603192175,1.0
2025-09-22,SELL,114606.08919,10194.81061678342,0.08895522645294987,8.904427072367355e-05,10.205015632415837,71.51371068725832,VOLUME_BREAKOUT,16754.2454,114892.604412975,114033.05874405,20399.826249199068,-0.08895522645294987,,,
2025-09-22,BUY,114033.05874405,10153.980400263203,0.08904418167940283,8.895522645294988e-05,10.143836563699503,52.29160178959017,TAKE_PROFIT,20781.71356,,,10245.845848935865,0.0,TAKE_PROFIT,40.830216520217945,1.0
2025-09-23,SELL,111688.2,10235.600003087084,0.09164441725345276,9.173615340685963e-05,10.24584584893602,52.29160178959017,VOLUME_BREAKOUT,20781.71356,111967.4205,111129.75899999999,20481.44585202295,-0.09164441725345276,,,
2025-09-23,BUY,111967.4205,10271.450192097895,0.09173606167070622,9.164441725345277e-05,10.2611890030948,51.75163563686656,STOP_LOSS,12301.3203,,,10209.995659925054,0.0,STOP_LOSS,-35.85018901081212,1.0
2025-09-24,SELL,111347.27127,10199.785664265457,0.09160337337349334,9.169506844193527e-05,10.209995659925383,51.75163563686656,VOLUME_BREAKOUT,12301.3203,111625.63944817499,110790.53491365,20409.78132419051,-0.09160337337349334,,,
2025-09-24,BUY,111625.63944817499,10235.510413554546,0.09169497674686683,9.160337337349333e-05,10.225285128426119,47.23504723707967,STOP_LOSS,12369.25967,,,10174.270910635963,0.0,STOP_LOSS,-35.72474928908895,1.0
2025-09-28,BUY,110410.29999999999,10174.270910635938,0.0920575040528402,9.214965370654675e-05,10.174270910635938,28.27990460240349,VOLUME_BREAKOUT,14243.01591,110134.27424999999,110962.35149999998,2.546585164964199e-11,0.0920575040528402,,,
2025-09-28,SELL,110962.35149999998,10204.702205801004,0.09196544654878737,9.20575040528402e-05,10.214917122923927,40.57941544946003,TAKE_PROFIT,7542.3316,,,10204.70220580103,0.0,TAKE_PROFIT,40.554745592502755,1.0
2025-09-29,BUY,114053.93999999999,10204.702205801472,0.08938312436725702,8.947259696422125e-05,10.204702205801471,47.23504723707967,VOLUME_BREAKOUT,12369.25967,113768.80515,114624.20969999998,-4.420144250616431e-10,0.08938312436725702,,,
2025-09-29,SELL,113768.80515,10158.842248576846,0.08929374124288977,8.938312436725702e-05,10.169011259836681,47.201501090275215,STOP_LOSS,15541.12005,,,10158.842248576404,0.0,STOP_LOSS,-35.62976877506576,1.0
2025-09-30,BUY,114514.4,10158.84224857666,0.08862364389393897,8.871235625018915e-05,10.15884224857666,47.201501090275215,VOLUME_BREAKOUT,15541.12005,114228.114,115086.97199999998,-2.5647750589996576e-10,0.08862364389393897,,,
2025-09-30,SELL,114228.114,10113.188386114452,0.08853502025004503,8.862364389393896e-05,10.123311697812264,42.110467222229545,STOP_LOSS,15044.15633,,,10113.188386114196,0.0,STOP_LOSS,-35.46964850511602,1.0
2025-10-09,SELL,120454.36506,10103.075197728474,0.08387471215921476,8.395867083004479e-05,10.113188386114588,68.55575563094716,VOLUME_BREAKOUT,21633.99385,120755.50097264998,119852.09323469999,20216.263583842672,-0.08387471215921476,,,
2025-10-09,BUY,119852.09323469999,10062.612381561572,0.08395858687137397,8.387471215921475e-05,10.052559821739832,77.36336902750477,TAKE_PROFIT,21559.36007,,,10153.6512022811,0.0,TAKE_PROFIT,40.462816166903025,1.0
2025-10-10,SELL,119531.81853,10143.497551078955,0.08486022948386038,8.49451746585189e-05,10.153651202281235,77.36336902750477,VOLUME_BREAKOUT,21559.36007,119830.648076325,118934.15943735,20297.148753360056,-0.08486022948386038,,,
2025-10-10,BUY,118934.15943735,10102.872843386882,0.08494508971334423,8.486022948386038e-05,10.09278006332356,54.98787695346724,TAKE_PROFIT,64171.93927,,,10194.275909973174,0.0,TAKE_PROFIT,40.62470769207177,1.0
2025-10-16,SELL,109452.02841,10184.08163406348,0.09304607490611859,9.313921412023884e-05,10.194275909973454,51.50489465662795,VOLUME_BREAKOUT,35448.51652,109725.65848102499,108904.76826795,20378.357544036655,-0.09304607490611859,,,
2025-10-16,BUY,108904.76826795,10143.294387119056,0.09313912098102471,9.30460749061186e-05,10.133161225893163,31.634812515353858,TAKE_PROFIT,29857.17252,,,10235.063156917598,0.0,TAKE_PROFIT,40.7872469444242,1.0
2025-10-19,BUY,107606.49899999998,10235.063156917746,0.09502054419371854,9.51156598535721e-05,10.235063156917745,27.79306499424746,VOLUME_BREAKOUT,11123.18766,107337.48275249999,108144.53149499997,-1.4733814168721437e-10,0.09502054419371854,,,
2025-10-19,SELL,108144.53149499997,10265.676281995402,0.09492552364952482,9.502054419371854e-05,10.275952234229631,28.557755301560633,TAKE_PROFIT,15480.66423,,,10265.676281995255,0.0,TAKE_PROFIT,40.79706409410497,1.0
2025-10-20,BUY,109559.52007,10265.676281995376,0.09360583725778437,9.369953679457896e-05,10.265676281995377,28.557755301560633,VOLUME_BREAKOUT,15480.66423,109285.621269825,110107.31767034999,-1.2187229003757238e-10,0.09360583725778437,,,
2025-10-20,SELL,110107.31767034999,10296.380971083205,0.09351223142052659,9.360583725778438e-05,10.306687658741948,30.000252006352852,TAKE_PROFIT,19193.4416,,,10296.380971083083,0.0,TAKE_PROFIT,40.91908831679577,1.0
2025-10-21,BUY,111817.26555999999,10296.380971083556,0.09199012816668341,9.208221037706046e-05,10.296380971083556,30.000252006352852,VOLUME_BREAKOUT,19193.4416,111537.7223961,112376.35188779997,-4.729372449219227e-10,0.09199012816668341,,,
2025-10-21,SELL,112376.35188779997,10327.17749804997,0.09189813803851672,9.199012816668341e-05,10.337515013063035,30.956716356857797,TAKE_PROFIT,37228.01659,,,10327.177498049497,0.0,TAKE_PROFIT,41.04147751454774,1.0
2025-10-24,BUY,111404.90361,10327.177498049656,0.0926067882673123,9.269948775506739e-05,10.327177498049657,32.88875063072899,VOLUME_BREAKOUT,17573.09294,111126.391350975,111961.92812804999,-1.5825207810848951e-10,0.0926067882673123,,,
2025-10-24,SELL,111961.92812804999,10358.06613758221,0.092514181479045,9.26067882673123e-05,10.368434572154364,46.582250904164894,TAKE_PROFIT,15005.16913,,,10358.066137582051,0.0,TAKE_PROFIT,41.16423277900012,1.0
2025-10-26,BUY,112217.08497999999,10358.066137582111,0.0922115208507578,9.230382467543323e-05,10.35806613758211,46.582250904164894,VOLUME_BREAKOUT,15005.16913,111936.54226754999,112778.17040489997,-6.002665031701326e-11,0.0922115208507578,,,
2025-10-26,SELL,112778.17040489997,10389.047165189948,0.09211930932990704,9.22115208507578e-05,10.39944661180175,49.13168401124591,TAKE_PROFIT,13454.47737,,,10389.047165189888,0.0,TAKE_PROFIT,41.287355205062035,1.0
2025-10-27,BUY,115582.26679999998,10389.047165190337,0.08979455417658541,8.98844386152006e-05,10.389047165190338,49.13168401124591,VOLUME_BREAKOUT,13454.47737,115293.311133,116160.17813399997,-4.4929038267582655e-10,0.08979455417658541,,,
2025-10-27,SELL,116160.17813399997,10420.120857206657,0.08970475962240883,8.979455417658541e-05,10.430551408615273,47.723301850141254,TAKE_PROFIT,21450.23241,,,10420.120857206208,0.0,TAKE_PROFIT,41.410845890919404,1.0
2025-11-03,SELL,106198.03566,10409.700736349385,0.0980215940121221,9.811971372584795e-05,10.420120857206593,50.291528798783474,VOLUME_BREAKOUT,25988.82838,106463.53074914998,105667.0454817,20829.821593555593,-0.0980215940121221,,,
2025-11-03,BUY,105667.0454817,10368.009884900306,0.09811961560613422,9.80215940121221e-05,10.357652232667638,41.17277054366907,TAKE_PROFIT,28681.18779,,,10461.811708655287,0.0,TAKE_PROFIT,41.6908514490788,1.0
2025-11-04,SELL,101898.0,10451.349896946824,0.10256678145740665,0.00010266945090831496,10.461811708655478,54.98787695346724,VOLUME_BREAKOUT,64171.93927,102152.745,101388.51,20913.16160560211,-0.10256678145740665,,,
2025-11-04,BUY,101388.51,10409.49224060955,0.10266934823886406,0.00010256678145740666,10.39909314746209,36.51772781648827,TAKE_PROFIT,50534.87376,,,10503.669364992558,0.0,TAKE_PROFIT,41.85765633727256,1.0
2025-11-09,BUY,104639.27474,10503.669364992766,0.10027941919227196,0.00010037979899126322,10.503669364992765,43.149929607019644,VOLUME_BREAKOUT,33778.77571,104377.67655315,105162.47111369998,-2.0736479200422764e-10,0.10027941919227196,,,
2025-11-09,SELL,105162.47111369998,10535.085892581805,0.10017913977307968,0.00010027941919227197,10.545631524105913,32.34288455103821,TAKE_PROFIT,16338.97096,,,10535.085892581597,0.0,TAKE_PROFIT,41.86773112555378,1.0
2025-11-10,BUY,105601.11561999998,10535.085892581938,0.09966325398077606,9.976301699777383e-05,10.535085892581938,32.34288455103821,VOLUME_BREAKOUT,16338.97096,105337.11283094999,106129.12119809997,-3.4015101846307516e-10,0.09966325398077606,,,
2025-11-10,SELL,106129.12119809997,10566.596387162079,0.09956359072679528,9.966325398077606e-05,10.577173560722802,35.88987419511575,TAKE_PROFIT,22682.25673,,,10566.596387161739,0.0,TAKE_PROFIT,41.99295771868883,1.0
2025-11-11,BUY,106776.78010999999,10566.59638716193,0.09886072402539287,9.895968370910196e-05,10.566596387161928,35.88987419511575,VOLUME_BREAKOUT,22682.25673,106509.838159725,107310.66401054998,-1.9099388737231493e-10,0.09886072402539287,,,
2025-11-11,SELL,107310.66401054998,10598.201129788913,0.09876186330136748,9.886072402539286e-05,10.60880993972864,33.83443847877662,TAKE_PROFIT,24196.50718,,,10598.201129788722,0.0,TAKE_PROFIT,42.11855886519038,1.0
2025-11-24,BUY,88215.76763999999,10598.201129789004,0.12001939349285264,0.00012013953302587852,10.598201129789004,18.213665471930327,VOLUME_BREAKOUT,19734.46418,87995.2282209,88656.84647819998,-2.8194335754960775e-10,0.12001939349285264,,,
2025-11-24,SELL,88656.84647819998,10629.900402359208,0.11989937409935979,0.00012001939349285264,10.640540943302511,18.738668263229528,TAKE_PROFIT,24663.12795,,,10629.900402358926,0.0,TAKE_PROFIT,42.244535685348865,1.0
2025-11-26,BUY,89317.22799999999,10629.900402358939,0.11889386560403085,0.00011901287848251337,10.629900402358938,18.738668263229528,VOLUME_BREAKOUT,24663.12795,89093.93492999999,89763.81413999997,-1.2732925824820995e-11,0.11889386560403085,,,
2025-11-26,SELL,89763.81413999997,10661.694487611896,0.11877497173842683,0.00011889386560403085,10.672366854466361,30.06353411598913,TAKE_PROFIT,21675.82239,,,10661.694487611883,0.0,TAKE_PROFIT,42.37088930280497,1.0
2025-11-27,BUY,90746.73607999999,10661.69448761238,0.11737097391288091,0.00011748846237525618,10.661694487612381,30.06353411598913,VOLUME_BREAKOUT,21675.82239,90519.8692398,91200.46976039998,-4.965841071680188e-10,0.11737097391288091,,,
2025-11-27,SELL,91200.46976039998,10693.5836691333,0.11725360293896803,0.00011737097391288092,10.704287957090392,34.46596871288672,TAKE_PROFIT,16833.50932,,,10693.583669132804,0.0,TAKE_PROFIT,42.497620844567045,1.0
2025-11-28,BUY,92041.95,10693.58366913327,0.11606544717342622,0.00011618162880222844,10.69358366913327,34.46596871288672,VOLUME_BREAKOUT,16833.50932,91811.845125,92502.15974999999,-4.656612873077393e-10,0.11606544717342622,,,
2025-11-28,SELL,92502.15974999999,10725.568231355566,0.1159493817262528,0.00011606544717342623,10.736304535891458,41.67710970312409,TAKE_PROFIT,18830.86012,,,10725.5682313551,0.0,TAKE_PROFIT,42.62473144100128,1.0
2025-12-03,BUY,93929.84600999998,10725.568231355526,0.1140728226253394,0.00011418700963497437,10.725568231355528,34.85950453679759,VOLUME_BREAKOUT,39835.14769,93695.02139497499,94399.49524004998,-4.256435204297304e-10,0.1140728226253394,,,
2025-12-03,SELL,93695.02139497499,10677.367500909895,0.11395874980271406,0.0001140728226253394,10.688055556466363,53.41386330854823,STOP_LOSS,25712.52585,,,10677.36750090947,0.0,STOP_LOSS,-37.44837510761792,1.0
2025-12-05,SELL,90798.111,10666.69013340864,0.11747700492809414,0.00011759459952762176,10.677367500909549,61.38459973961703,VOLUME_BREAKOUT,19803.94059,91025.1062775,90344.12044500001,21344.05763431811,-0.11747700492809414,,,
2025-12-05,BUY,90344.12044500001,10623.970039424337,0.11759448193302223,0.00011747700492809415,10.613356682741598,58.35583444960354,TAKE_PROFIT,19792.97218,,,10720.087594893772,0.0,TAKE_PROFIT,42.72009398430121,1.0
2025-12-07,SELL,87967.944,10709.367507299146,0.12174170522047378,0.00012186356878926305,10.720087594894041,58.35583444960354,VOLUME_BREAKOUT,19792.97218,88187.86386,87528.10428,21429.45510219292,-0.12174170522047378,,,
2025-12-07,BUY,88187.86386,10746.87706699346,0.12186344692569426,0.00012174170522047379,10.736140926067394,57.45643332813275,STOP_LOSS,13021.11185,,,10682.578035199458,0.0,STOP_LOSS,-37.50955969431459,1.0
2025-12-11,SELL,91471.58684999999,10671.89545716422,0.11666896601088343,0.00011678575176264609,10.682578035199422,53.58791138502022,VOLUME_BREAKOUT,18998.68083,91700.265817125,91014.22891574999,21354.47349236368,-0.11666896601088343,,,
2025-12-11,BUY,91014.22891574999,10629.154515858278,0.11678563497689431,0.00011666896601088343,10.6185359798784,52.80970665350391,TAKE_PROFIT,19972.58758,,,10725.318976505401,0.0,TAKE_PROFIT,42.74094130594289,1.0
2025-12-17,BUY,88264.15597999998,10725.318976505905,0.12139235387870528,0.00012151386774645173,10.725318976505905,40.75239473667104,VOLUME_BREAKOUT,18456.05017,88043.49559004999,88705.47675989998,-5.038600647822022e-10,0.12139235387870528,,,
2025-12-17,SELL,88705.47675989998,10757.398459191229,0.12127096152482658,0.00012139235387870529,10.768166625817045,29.95830881594253,TAKE_PROFIT,19834.11729,,,10757.398459190725,0.0,TAKE_PROFIT,42.75122869354156,1.0
2025-12-18,SELL,85061.49336,10746.641060731417,0.12633967070445304,0.00012646613684129434,10.75739845919061,50.3316478860768,VOLUME_BREAKOUT,19778.6919,85274.1470934,84636.18589319999,21504.039519922142,-0.12633967070445304,,,
2025-12-18,BUY,84636.18589319999,10703.600763283186,0.12646601037515748,0.00012633967070445305,10.69290785542776,31.040482837572284,TAKE_PROFIT,25405.41763,,,10800.438756638956,0.0,TAKE_PROFIT,43.0402974482299,1.0
2025-12-21,BUY,88661.64306999999,10800.438756638956,0.12169454506232984,0.00012181636142375358,10.800438756638956,47.469636153849265,VOLUME_BREAKOUT,5123.13194,88439.98896232499,89104.95128534998,0.0,0.12169454506232984,,,
2025-12-21,SELL,88439.98896232499,10751.901557865524,0.1215728505172675,0.00012169454506232984,10.762664222087613,44.72108338101165,STOP_LOSS,7132.87258,,,10751.901557865524,0.0,STOP_LOSS,-37.7097859209987,1.0
2025-12-22,BUY,89489.36996999999,10751.901557866067,0.12002710109490117,0.00012014724834324442,10.751901557866068,46.52701771218059,VOLUME_BREAKOUT,21256.65004,89265.646545075,89936.81681984998,-5.438778316602111e-10,0.12002710109490117,,,
2025-12-22,SELL,89936.81681984998,10784.060549185151,0.11990707399380626,0.00012002710109490118,10.794855404589741,43.80296280885162,TAKE_PROFIT,14673.2197,,,10784.060549184607,0.0,TAKE_PROFIT,42.857187128668755,1.0
2025-12-25,BUY,88137.93989,10784.060549185002,0.12223199795776185,0.00012235435231007193,10.784060549185002,35.37359606150069,VOLUME_BREAKOUT,9140.8432,87917.595040275,88578.62958944998,-3.9472070056945086e-10,0.12223199795776185,,,
2025-12-25,SELL,88578.62958944998,10816.315728207914,0.12210976595980409,0.00012223199795776185,10.827142871078994,32.13788938287149,TAKE_PROFIT,7096.58235,,,10816.315728207519,0.0,TAKE_PROFIT,42.98537318965495,1.0
2025-12-28,BUY,88071.984,10816.315728207812,0.12268940611670114,0.00012281221833503617,10.816315728207812,41.036312984790165,VOLUME_BREAKOUT,4469.55156,87851.80404,88512.34391999998,-2.928572939708829e-10,0.12268940611670114,,,
2025-12-28,SELL,87851.80404,10767.707178284458,0.12256671671058443,0.00012268940611670113,10.778485663948405,49.01928889731003,STOP_LOSS,4446.29285,,,10767.707178284165,0.0,STOP_LOSS,-37.76522044661549,1.0
2025-12-29,BUY,89657.31774999999,10767.707178284312,0.11997837701436288,0.00012009847548985275,10.767707178284313,38.5888904984443,VOLUME_BREAKOUT,18344.61505,89433.17445562499,90105.60433874998,-1.4733814168721437e-10,0.11997837701436288,,,
2025-12-29,SELL,90105.60433874998,10799.913444293095,0.11985839863734853,0.00011997837701436288,10.810724168461556,53.9601802778546,TAKE_PROFIT,19894.98575,,,10799.913444292948,0.0,TAKE_PROFIT,42.920188489712324,1.0
2026-01-07,SELL,91171.67706,10789.113530848612,0.11833843446521562,0.0001184568913565722,10.799913444292907,79.87720799922894,VOLUME_BREAKOUT,18546.41829,91399.60625265,90715.8186747,21589.02697514156,-0.11833843446521562,,,
2026-01-07,BUY,90715.8186747,10745.903131157564,0.11845677289968083,0.00011833843446521563,10.73516796319437,64.56919511004452,TAKE_PROFIT,14276.49025,,,10843.123843983998,0.0,TAKE_PROFIT,43.210399691048906,1.0
2026-01-08,SELL,90584.84448,10832.280720139906,0.11958160089938157,0.00011970130220158315,10.843123843983891,64.56919511004452,VOLUME_BREAKOUT,14276.49025,90811.3065912,90131.9202576,21675.404564123906,-0.11958160089938157,,,
2026-01-08,BUY,90131.9202576,10788.897435855746,0.11970118250028094,0.00011958160089938157,10.778119316539208,65.49905358940018,TAKE_PROFIT,16132.79117,,,10886.50712826816,0.0,TAKE_PROFIT,43.383284284160865,1.0
